Workbook

Sheet Monthly Data
A1: Month | B1: Leads | C1: Won Deals | D1: Activated Sellers | E1: Revenue (R$)
A2: 42887 | B2: 4 | C2: 0 | D2: 0 | E2: 0
A3: 42917 | B3: 239 | C3: 2 | D3: 1 | E3: 141.15
A4: 42948 | B4: 386 | C4: 9 | D4: 3 | E4: 3431.66
A5: 42979 | B5: 312 | C5: 7 | D5: 0 | E5: 0
A6: 43009 | B6: 416 | C6: 14 | D6: 4 | E6: 8738.37
A7: 43040 | B7: 445 | C7: 18 | D7: 6 | E7: 3549.44
A8: 43070 | B8: 200 | C8: 11 | D8: 5 | E8: 7408.11
A9: 43101 | B9: 1141 | C9: 152 | D9: 76 | E9: 290341.48
A10: 43132 | B10: 1028 | C10: 149 | D10: 74 | E10: 97988.2
A11: 43160 | B11: 1174 | C11: 167 | D11: 67 | E11: 132436.68
A12: 43191 | B12: 1352 | C12: 183 | D12: 97 | E12: 173862.94
A13: 43221 | B13: 1303 | C13: 130 | D13: 46 | E13: 54918.74

Sheet Funnel Model
A1: Month | B1: Leads | C1: Won Rate % | D1: Activation Rate % | E1: Lead-to-Activated % | F1: Revenue (R$)
A2: ='Monthly Data'!A2 | B2: ='Monthly Data'!B2 | C2: =IFERROR('Monthly Data'!C2/'Monthly Data'!B2,0) | D2: =IFERROR('Monthly Data'!D2/'Monthly Data'!C2,0) | E2: =IFERROR('Monthly Data'!D2/'Monthly Data'!B2,0) | F2: ='Monthly Data'!E2
A3: ='Monthly Data'!A3 | B3: ='Monthly Data'!B3 | C3: =IFERROR('Monthly Data'!C3/'Monthly Data'!B3,0) | D3: =IFERROR('Monthly Data'!D3/'Monthly Data'!C3,0) | E3: =IFERROR('Monthly Data'!D3/'Monthly Data'!B3,0) | F3: ='Monthly Data'!E3
A4: ='Monthly Data'!A4 | B4: ='Monthly Data'!B4 | C4: =IFERROR('Monthly Data'!C4/'Monthly Data'!B4,0) | D4: =IFERROR('Monthly Data'!D4/'Monthly Data'!C4,0) | E4: =IFERROR('Monthly Data'!D4/'Monthly Data'!B4,0) | F4: ='Monthly Data'!E4
A5: ='Monthly Data'!A5 | B5: ='Monthly Data'!B5 | C5: =IFERROR('Monthly Data'!C5/'Monthly Data'!B5,0) | D5: =IFERROR('Monthly Data'!D5/'Monthly Data'!C5,0) | E5: =IFERROR('Monthly Data'!D5/'Monthly Data'!B5,0) | F5: ='Monthly Data'!E5
A6: ='Monthly Data'!A6 | B6: ='Monthly Data'!B6 | C6: =IFERROR('Monthly Data'!C6/'Monthly Data'!B6,0) | D6: =IFERROR('Monthly Data'!D6/'Monthly Data'!C6,0) | E6: =IFERROR('Monthly Data'!D6/'Monthly Data'!B6,0) | F6: ='Monthly Data'!E6
A7: ='Monthly Data'!A7 | B7: ='Monthly Data'!B7 | C7: =IFERROR('Monthly Data'!C7/'Monthly Data'!B7,0) | D7: =IFERROR('Monthly Data'!D7/'Monthly Data'!C7,0) | E7: =IFERROR('Monthly Data'!D7/'Monthly Data'!B7,0) | F7: ='Monthly Data'!E7
A8: ='Monthly Data'!A8 | B8: ='Monthly Data'!B8 | C8: =IFERROR('Monthly Data'!C8/'Monthly Data'!B8,0) | D8: =IFERROR('Monthly Data'!D8/'Monthly Data'!C8,0) | E8: =IFERROR('Monthly Data'!D8/'Monthly Data'!B8,0) | F8: ='Monthly Data'!E8
A9: ='Monthly Data'!A9 | B9: ='Monthly Data'!B9 | C9: =IFERROR('Monthly Data'!C9/'Monthly Data'!B9,0) | D9: =IFERROR('Monthly Data'!D9/'Monthly Data'!C9,0) | E9: =IFERROR('Monthly Data'!D9/'Monthly Data'!B9,0) | F9: ='Monthly Data'!E9
A10: ='Monthly Data'!A10 | B10: ='Monthly Data'!B10 | C10: =IFERROR('Monthly Data'!C10/'Monthly Data'!B10,0) | D10: =IFERROR('Monthly Data'!D10/'Monthly Data'!C10,0) | E10: =IFERROR('Monthly Data'!D10/'Monthly Data'!B10,0) | F10: ='Monthly Data'!E10
A11: ='Monthly Data'!A11 | B11: ='Monthly Data'!B11 | C11: =IFERROR('Monthly Data'!C11/'Monthly Data'!B11,0) | D11: =IFERROR('Monthly Data'!D11/'Monthly Data'!C11,0) | E11: =IFERROR('Monthly Data'!D11/'Monthly Data'!B11,0) | F11: ='Monthly Data'!E11
A12: ='Monthly Data'!A12 | B12: ='Monthly Data'!B12 | C12: =IFERROR('Monthly Data'!C12/'Monthly Data'!B12,0) | D12: =IFERROR('Monthly Data'!D12/'Monthly Data'!C12,0) | E12: =IFERROR('Monthly Data'!D12/'Monthly Data'!B12,0) | F12: ='Monthly Data'!E12
A13: ='Monthly Data'!A13 | B13: ='Monthly Data'!B13 | C13: =IFERROR('Monthly Data'!C13/'Monthly Data'!B13,0) | D13: =IFERROR('Monthly Data'!D13/'Monthly Data'!C13,0) | E13: =IFERROR('Monthly Data'!D13/'Monthly Data'!B13,0) | F13: ='Monthly Data'!E13

Sheet Activation Opportunity
A1: Won-to-Activated Revenue Opportunity Model
A3: Won deals (actual) | B3: 842
A4: Activated sellers (actual) | B4: 379
A5: Current activation rate | B5: =B4/B3
A6: Avg revenue per activated seller (R$) | B6: 2039.09
A8: --- Adjustable Inputs ---
A9: Target activation rate | B9: 0.6
A11: --- Model Output ---
A12: Additional sellers activated to hit target | B12: =MAX(ROUND(B9*B3,0)-B4,0)
A13: Additional revenue from closing the activation gap (R$) | B13: =B12*B6
A16: Model logic: additional revenue = (sellers needed to reach target activation rate) x (avg revenue per activated seller). Change the yellow target-rate cell to re-run the scenario live -- e.g. set it to 100% to see the full size of the won-but-never-activated gap.
